"STATION","NAME","LATITUDE","LONGITUDE","ELEVATION","DATE","PRCP","TAVG","TMAX","TMIN"
"USW00025333","SITKA AIRPORT, AK US","57.04746","-135.36703","6.0","2021-01-01","0.01",,"44","40"
"USW00025333","SITKA AIRPORT, AK US","57.04746","-135.36703","6.0","2021-01-02","0.07",,"44","35"
"USW00025333","SITKA AIRPORT, AK US","57.04746","-135.36703","6.0","2021-01-03","0.29",,"43","36"
"USW00025333","SITKA AIRPORT, AK US","57.04746","-135.36703","6.0","2021-01-04","0.25",,"45","39"
"USW00025333","SITKA AIRPORT, AK US","57.04746","-135.36703","6.0","2021-01-05","0.57",,"45","40"
"USW00025333","SITKA AIRPORT, AK US","57.04746","-135.36703","6.0","2021-01-06","0.24",,"44","39"
"USW00025333","SITKA AIRPORT, AK US","57.04746","-135.36703","6.0","2021-01-07","0.07",,"48","42"
"USW00025333","SITKA AIRPORT, AK US","57.04746","-135.36703","6.0","2021-01-08","0.32",,"48","37"
"USW00025333","SITKA AIRPORT, AK US","57.04746","-135.36703","6.0","2021-01-09","0.00",,"46","38"
"USW00025333","SITKA AIRPORT, AK US","57.04746","-135.36703","6.0","2021-01-10","0.76",,"46","41"
"USW00025333","SITKA AIRPORT, AK US","57.04746","-135.36703","6.0","2021-01-11","0.37",,"44","38"
"USW00025333","SITKA AIRPORT, AK US","57.04746","-135.36703","6.0","2021-01-12","0.46",,"44","34"
"USW00025333","SITKA AIRPORT, AK US","57.04746","-135.36703","6.0","2021-01-13","0.89",,"39","34"
"USW00025333","SITKA AIRPORT, AK US","57.04746","-135.36703","6.0","2021-01-14","0.53",,"47","37"
"USW00025333","SITKA AIRPORT, AK US","57.04746","-135.36703","6.0","2021-01-15","0.79",,"48","41"
"USW00025333","SITKA AIRPORT, AK US","57.04746","-135.36703","6.0","2021-01-16","0.31",,"47","42"
"USW00025333","SITKA AIRPORT, AK US","57.04746","-135.36703","6.0","2021-01-17","0.46",,"46","39"
"USW00025333","SITKA AIRPORT, AK US","57.04746","-135.36703","6.0","2021-01-18","1.50",,"48","41"
"USW00025333","SITKA AIRPORT, AK US","57.04746","-135.36703","6.0","2021-01-19","0.29",,"42","36"
"USW00025333","SITKA AIRPORT, AK US","57.04746","-135.36703","6.0","2021-01-20","0.02",,"38","36"
"USW00025333","SITKA AIRPORT, AK US","57.04746","-135.36703","6.0","2021-01-21","0.01",,"41","34"
"USW00025333","SITKA AIRPORT, AK US","57.04746","-135.36703","6.0","2021-01-22","0.01",,"40","34"
"USW00025333","SITKA AIRPORT, AK US","57.04746","-135.36703","6.0","2021-01-23","0.29",,"38","35"
"USW00025333","SITKA AIRPORT, AK US","57.04746","-135.36703","6.0","2021-01-24","0.01",,"39","30"
"USW00025333","SITKA AIRPORT, AK US","57.04746","-135.36703","6.0","2021-01-25","0.00",,"37","28"
"USW00025333","SITKA AIRPORT, AK US","57.04746","-135.36703","6.0","2021-01-26","0.00",,"36","24"
"USW00025333","SITKA AIRPORT, AK US","57.04746","-135.36703","6.0","2021-01-27","0.00",,"30","23"
"USW00025333","SITKA AIRPORT, AK US","57.04746","-135.36703","6.0","2021-01-28","0.00",,"36","22"
"USW00025333","SITKA AIRPORT, AK US","57.04746","-135.36703","6.0","2021-01-29","0.00",,"40","33"
"USW00025333","SITKA AIRPORT, AK US","57.04746","-135.36703","6.0","2021-01-30","0.00",,"42","33"
"USW00025333","SITKA AIRPORT, AK US","57.04746","-135.36703","6.0","2021-01-31","0.00",,"43","29"
"USW00025333","SITKA AIRPORT, AK US","57.04746","-135.36703","6.0","2021-02-01","0.17",,"38","31"
"USW00025333","SITKA AIRPORT, AK US","57.04746","-135.36703","6.0","2021-02-02","0.00",,"38","29"
"USW00025333","SITKA AIRPORT, AK US","57.04746","-135.36703","6.0","2021-02-03","0.44",,"40","33"
"USW00025333","SITKA AIRPORT, AK US","57.04746","-135.36703","6.0","2021-02-04","0.00",,"39","34"
"USW00025333","SITKA AIRPORT, AK US","57.04746","-135.36703","6.0","2021-02-05","0.17",,"37","34"
"USW00025333","SITKA AIRPORT, AK US","57.04746","-135.36703","6.0","2021-02-06","0.00",,"37","29"
"USW00025333","SITKA AIRPORT, AK US","57.04746","-135.36703","6.0","2021-02-07","0.00",,"36","27"
"USW00025333","SITKA AIRPORT, AK US","57.04746","-135.36703","6.0","2021-02-08","0.01",,"30","16"
"USW00025333","SITKA AIRPORT, AK US","57.04746","-135.36703","6.0","2021-02-09","0.00",,"17","13"
"USW00025333","SITKA AIRPORT, AK US","57.04746","-135.36703","6.0","2021-02-10","0.00",,"30","12"
"USW00025333","SITKA AIRPORT, AK US","57.04746","-135.36703","6.0","2021-02-11","0.00",,"37","24"
"USW00025333","SITKA AIRPORT, AK US","57.04746","-135.36703","6.0","2021-02-12","0.00",,"39","29"
"USW00025333","SITKA AIRPORT, AK US","57.04746","-135.36703","6.0","2021-02-13","0.00",,"38","26"
"USW00025333","SITKA AIRPORT, AK US","57.04746","-135.36703","6.0","2021-02-14","0.00",,"37","30"
"USW00025333","SITKA AIRPORT, AK US","57.04746","-135.36703","6.0","2021-02-15","0.00",,"35","26"
"USW00025333","SITKA AIRPORT, AK US","57.04746","-135.36703","6.0","2021-02-16","0.17",,"38","29"
"USW00025333","SITKA AIRPORT, AK US","57.04746","-135.36703","6.0","2021-02-17","0.00",,"43","34"
"USW00025333","SITKA AIRPORT, AK US","57.04746","-135.36703","6.0","2021-02-18","0.33",,"43","38"
"USW00025333","SITKA AIRPORT, AK US","57.04746","-135.36703","6.0","2021-02-19","0.60",,"42","31"
"USW00025333","SITKA AIRPORT, AK US","57.04746","-135.36703","6.0","2021-02-20","1.44",,"44","31"
"USW00025333","SITKA AIRPORT, AK US","57.04746","-135.36703","6.0","2021-02-21","0.43",,"44","37"
"USW00025333","SITKA AIRPORT, AK US","57.04746","-135.36703","6.0","2021-02-22","0.82",,"42","33"
"USW00025333","SITKA AIRPORT, AK US","57.04746","-135.36703","6.0","2021-02-23","0.07",,"38","32"
"USW00025333","SITKA AIRPORT, AK US","57.04746","-135.36703","6.0","2021-02-24","0.04",,"39","34"
"USW00025333","SITKA AIRPORT, AK US","57.04746","-135.36703","6.0","2021-02-25","0.42",,"42","35"
"USW00025333","SITKA AIRPORT, AK US","57.04746","-135.36703","6.0","2021-02-26","0.03",,"43","37"
"USW00025333","SITKA AIRPORT, AK US","57.04746","-135.36703","6.0","2021-02-27","1.45",,"44","36"
"USW00025333","SITKA AIRPORT, AK US","57.04746","-135.36703","6.0","2021-02-28","0.93",,"45","34"
"USW00025333","SITKA AIRPORT, AK US","57.04746","-135.36703","6.0","2021-03-01","0.47",,"41","34"
"USW00025333","SITKA AIRPORT, AK US","57.04746","-135.36703","6.0","2021-03-02","0.63",,"41","33"
"USW00025333","SITKA AIRPORT, AK US","57.04746","-135.36703","6.0","2021-03-03","0.20",,"41","32"
"USW00025333","SITKA AIRPORT, AK US","57.04746","-135.36703","6.0","2021-03-04","0.07",,"43","33"
"USW00025333","SITKA AIRPORT, AK US","57.04746","-135.36703","6.0","2021-03-05","0.35",,"43","36"
"USW00025333","SITKA AIRPORT, AK US","57.04746","-135.36703","6.0","2021-03-06","0.01",,"43","35"
"USW00025333","SITKA AIRPORT, AK US","57.04746","-135.36703","6.0","2021-03-07","0.00",,"47","38"
"USW00025333","SITKA AIRPORT, AK US","57.04746","-135.36703","6.0","2021-03-08","0.28",,"40","30"
"USW00025333","SITKA AIRPORT, AK US","57.04746","-135.36703","6.0","2021-03-09","0.00",,"41","28"
"USW00025333","SITKA AIRPORT, AK US","57.04746","-135.36703","6.0","2021-03-10","0.15",,"40","36"
"USW00025333","SITKA AIRPORT, AK US","57.04746","-135.36703","6.0","2021-03-11","0.08",,"41","32"
"USW00025333","SITKA AIRPORT, AK US","57.04746","-135.36703","6.0","2021-03-12","0.10",,"37","29"
"USW00025333","SITKA AIRPORT, AK US","57.04746","-135.36703","6.0","2021-03-13","0.00",,"35","27"
"USW00025333","SITKA AIRPORT, AK US","57.04746","-135.36703","6.0","2021-03-14","0.00",,"34","23"
"USW00025333","SITKA AIRPORT, AK US","57.04746","-135.36703","6.0","2021-03-15","1.77",,"40","32"
"USW00025333","SITKA AIRPORT, AK US","57.04746","-135.36703","6.0","2021-03-16","0.21",,"42","33"
"USW00025333","SITKA AIRPORT, AK US","57.04746","-135.36703","6.0","2021-03-17","0.07",,"43","35"
"USW00025333","SITKA AIRPORT, AK US","57.04746","-135.36703","6.0","2021-03-18","0.00",,"40","31"
"USW00025333","SITKA AIRPORT, AK US","57.04746","-135.36703","6.0","2021-03-19","0.24",,"37","30"
"USW00025333","SITKA AIRPORT, AK US","57.04746","-135.36703","6.0","2021-03-20","0.00",,"39","29"
"USW00025333","SITKA AIRPORT, AK US","57.04746","-135.36703","6.0","2021-03-21","0.53",,"43","35"
"USW00025333","SITKA AIRPORT, AK US","57.04746","-135.36703","6.0","2021-03-22","0.22",,"42","36"
"USW00025333","SITKA AIRPORT, AK US","57.04746","-135.36703","6.0","2021-03-23","0.92",,"42","37"
"USW00025333","SITKA AIRPORT, AK US","57.04746","-135.36703","6.0","2021-03-24","0.20",,"40","36"
"USW00025333","SITKA AIRPORT, AK US","57.04746","-135.36703","6.0","2021-03-25","0.21",,"41","35"
"USW00025333","SITKA AIRPORT, AK US","57.04746","-135.36703","6.0","2021-03-26","0.52",,"42","35"
"USW00025333","SITKA AIRPORT, AK US","57.04746","-135.36703","6.0","2021-03-27","0.56",,"39","32"
"USW00025333","SITKA AIRPORT, AK US","57.04746","-135.36703","6.0","2021-03-28","0.01",,"41","31"
"USW00025333","SITKA AIRPORT, AK US","57.04746","-135.36703","6.0","2021-03-29","0.47",,"41","32"
"USW00025333","SITKA AIRPORT, AK US","57.04746","-135.36703","6.0","2021-03-30","0.83",,"41","37"
"USW00025333","SITKA AIRPORT, AK US","57.04746","-135.36703","6.0","2021-03-31","1.18",,"41","33"
"USW00025333","SITKA AIRPORT, AK US","57.04746","-135.36703","6.0","2021-04-01","0.28",,"36","31"
"USW00025333","SITKA AIRPORT, AK US","57.04746","-135.36703","6.0","2021-04-02","0.13",,"38","33"
"USW00025333","SITKA AIRPORT, AK US","57.04746","-135.36703","6.0","2021-04-03","0.10",,"41","32"
"USW00025333","SITKA AIRPORT, AK US","57.04746","-135.36703","6.0","2021-04-04","0.19",,"41","35"
"USW00025333","SITKA AIRPORT, AK US","57.04746","-135.36703","6.0","2021-04-05","0.71",,"40","34"
"USW00025333","SITKA AIRPORT, AK US","57.04746","-135.36703","6.0","2021-04-06","0.17",,"38","32"
"USW00025333","SITKA AIRPORT, AK US","57.04746","-135.36703","6.0","2021-04-07","0.00",,"41","30"
"USW00025333","SITKA AIRPORT, AK US","57.04746","-135.36703","6.0","2021-04-08","0.59",,"39","31"
"USW00025333","SITKA AIRPORT, AK US","57.04746","-135.36703","6.0","2021-04-09","0.26",,"39","32"
"USW00025333","SITKA AIRPORT, AK US","57.04746","-135.36703","6.0","2021-04-10","0.08",,"36","30"
"USW00025333","SITKA AIRPORT, AK US","57.04746","-135.36703","6.0","2021-04-11","0.00",,"41","31"
"USW00025333","SITKA AIRPORT, AK US","57.04746","-135.36703","6.0","2021-04-12","0.12",,"41","37"
"USW00025333","SITKA AIRPORT, AK US","57.04746","-135.36703","6.0","2021-04-13","0.31",,"45","39"
"USW00025333","SITKA AIRPORT, AK US","57.04746","-135.36703","6.0","2021-04-14","0.06",,"45","40"
"USW00025333","SITKA AIRPORT, AK US","57.04746","-135.36703","6.0","2021-04-15","0.00",,"48","39"
"USW00025333","SITKA AIRPORT, AK US","57.04746","-135.36703","6.0","2021-04-16","0.00",,"50","36"
"USW00025333","SITKA AIRPORT, AK US","57.04746","-135.36703","6.0","2021-04-17","0.00",,"56","37"
"USW00025333","SITKA AIRPORT, AK US","57.04746","-135.36703","6.0","2021-04-18","0.00",,"67","41"
"USW00025333","SITKA AIRPORT, AK US","57.04746","-135.36703","6.0","2021-04-19","0.00",,"61","46"
"USW00025333","SITKA AIRPORT, AK US","57.04746","-135.36703","6.0","2021-04-20","0.00",,"51","42"
"USW00025333","SITKA AIRPORT, AK US","57.04746","-135.36703","6.0","2021-04-21","0.00",,"57","41"
"USW00025333","SITKA AIRPORT, AK US","57.04746","-135.36703","6.0","2021-04-22","0.00",,"52","37"
"USW00025333","SITKA AIRPORT, AK US","57.04746","-135.36703","6.0","2021-04-23","0.00",,,"37"
"USW00025333","SITKA AIRPORT, AK US","57.04746","-135.36703","6.0","2021-04-24","0.00",,"63","42"
"USW00025333","SITKA AIRPORT, AK US","57.04746","-135.36703","6.0","2021-04-25","0.00",,"60","41"
"USW00025333","SITKA AIRPORT, AK US","57.04746","-135.36703","6.0","2021-04-26","0.00",,"53","39"
"USW00025333","SITKA AIRPORT, AK US","57.04746","-135.36703","6.0","2021-04-27","0.23",,"50","45"
"USW00025333","SITKA AIRPORT, AK US","57.04746","-135.36703","6.0","2021-04-28","0.17",,"51","44"
"USW00025333","SITKA AIRPORT, AK US","57.04746","-135.36703","6.0","2021-04-29","0.94",,"48","44"
"USW00025333","SITKA AIRPORT, AK US","57.04746","-135.36703","6.0","2021-04-30","0.79",,"47","43"
"USW00025333","SITKA AIRPORT, AK US","57.04746","-135.36703","6.0","2021-05-01","0.06",,"48","37"
"USW00025333","SITKA AIRPORT, AK US","57.04746","-135.36703","6.0","2021-05-02","0.00",,"50","38"
"USW00025333","SITKA AIRPORT, AK US","57.04746","-135.36703","6.0","2021-05-03","0.38",,"49","44"
"USW00025333","SITKA AIRPORT, AK US","57.04746","-135.36703","6.0","2021-05-04","0.37",,"48","42"
"USW00025333","SITKA AIRPORT, AK US","57.04746","-135.36703","6.0","2021-05-05","0.00",,"55","41"
"USW00025333","SITKA AIRPORT, AK US","57.04746","-135.36703","6.0","2021-05-06","0.03",,"63","46"
"USW00025333","SITKA AIRPORT, AK US","57.04746","-135.36703","6.0","2021-05-07","0.00",,"56","45"
"USW00025333","SITKA AIRPORT, AK US","57.04746","-135.36703","6.0","2021-05-08","0.07",,"50","46"
"USW00025333","SITKA AIRPORT, AK US","57.04746","-135.36703","6.0","2021-05-09","0.12",,"49","43"
"USW00025333","SITKA AIRPORT, AK US","57.04746","-135.36703","6.0","2021-05-10","0.00",,"52","42"
"USW00025333","SITKA AIRPORT, AK US","57.04746","-135.36703","6.0","2021-05-11","0.03",,"49","45"
"USW00025333","SITKA AIRPORT, AK US","57.04746","-135.36703","6.0","2021-05-12","0.14",,"49","43"
"USW00025333","SITKA AIRPORT, AK US","57.04746","-135.36703","6.0","2021-05-13","0.33",,"47","43"
"USW00025333","SITKA AIRPORT, AK US","57.04746","-135.36703","6.0","2021-05-14","0.78",,"49","45"
"USW00025333","SITKA AIRPORT, AK US","57.04746","-135.36703","6.0","2021-05-15","0.32",,"48","42"
"USW00025333","SITKA AIRPORT, AK US","57.04746","-135.36703","6.0","2021-05-16","0.02",,"49","39"
"USW00025333","SITKA AIRPORT, AK US","57.04746","-135.36703","6.0","2021-05-17","0.00",,"52","36"
"USW00025333","SITKA AIRPORT, AK US","57.04746","-135.36703","6.0","2021-05-18","0.00",,"56","38"
"USW00025333","SITKA AIRPORT, AK US","57.04746","-135.36703","6.0","2021-05-19","0.00",,"57","46"
"USW00025333","SITKA AIRPORT, AK US","57.04746","-135.36703","6.0","2021-05-20","0.00",,"52","41"
"USW00025333","SITKA AIRPORT, AK US","57.04746","-135.36703","6.0","2021-05-21","0.38",,"53","47"
"USW00025333","SITKA AIRPORT, AK US","57.04746","-135.36703","6.0","2021-05-22","0.63",,"49","45"
"USW00025333","SITKA AIRPORT, AK US","57.04746","-135.36703","6.0","2021-05-23","0.07",,"53","44"
"USW00025333","SITKA AIRPORT, AK US","57.04746","-135.36703","6.0","2021-05-24","0.01",,"50","44"
"USW00025333","SITKA AIRPORT, AK US","57.04746","-135.36703","6.0","2021-05-25","0.05",,"51","43"
"USW00025333","SITKA AIRPORT, AK US","57.04746","-135.36703","6.0","2021-05-26","0.00",,"51","45"
"USW00025333","SITKA AIRPORT, AK US","57.04746","-135.36703","6.0","2021-05-27","0.00",,"51","44"
"USW00025333","SITKA AIRPORT, AK US","57.04746","-135.36703","6.0","2021-05-28","0.32",,"49","45"
"USW00025333","SITKA AIRPORT, AK US","57.04746","-135.36703","6.0","2021-05-29","0.03",,"57","47"
"USW00025333","SITKA AIRPORT, AK US","57.04746","-135.36703","6.0","2021-05-30","0.17",,"58","50"
"USW00025333","SITKA AIRPORT, AK US","57.04746","-135.36703","6.0","2021-05-31","0.79",,"58","51"
"USW00025333","SITKA AIRPORT, AK US","57.04746","-135.36703","6.0","2021-06-01","0.02",,"56","50"
"USW00025333","SITKA AIRPORT, AK US","57.04746","-135.36703","6.0","2021-06-02","0.22",,"53","49"
"USW00025333","SITKA AIRPORT, AK US","57.04746","-135.36703","6.0","2021-06-03","0.50",,"51","47"
"USW00025333","SITKA AIRPORT, AK US","57.04746","-135.36703","6.0","2021-06-04","0.05",,"56","47"
"USW00025333","SITKA AIRPORT, AK US","57.04746","-135.36703","6.0","2021-06-05","0.01",,"58","47"
"USW00025333","SITKA AIRPORT, AK US","57.04746","-135.36703","6.0","2021-06-06","0.00",,"54","48"
"USW00025333","SITKA AIRPORT, AK US","57.04746","-135.36703","6.0","2021-06-07","0.00",,"58","48"
"USW00025333","SITKA AIRPORT, AK US","57.04746","-135.36703","6.0","2021-06-08","0.00",,"59","46"
"USW00025333","SITKA AIRPORT, AK US","57.04746","-135.36703","6.0","2021-06-09","0.00",,"53","49"
"USW00025333","SITKA AIRPORT, AK US","57.04746","-135.36703","6.0","2021-06-10","0.00",,"55","50"
"USW00025333","SITKA AIRPORT, AK US","57.04746","-135.36703","6.0","2021-06-11","0.00",,"59","50"
"USW00025333","SITKA AIRPORT, AK US","57.04746","-135.36703","6.0","2021-06-12","0.00",,"61","47"
"USW00025333","SITKA AIRPORT, AK US","57.04746","-135.36703","6.0","2021-06-13","0.00",,"67","49"
"USW00025333","SITKA AIRPORT, AK US","57.04746","-135.36703","6.0","2021-06-14","0.00",,"64","53"
"USW00025333","SITKA AIRPORT, AK US","57.04746","-135.36703","6.0","2021-06-15","0.05",,"58","54"
"USW00025333","SITKA AIRPORT, AK US","57.04746","-135.36703","6.0","2021-06-16","0.00",,"60","52"
"USW00025333","SITKA AIRPORT, AK US","57.04746","-135.36703","6.0","2021-06-17","0.00",,"66","53"
"USW00025333","SITKA AIRPORT, AK US","57.04746","-135.36703","6.0","2021-06-18","0.08",,"58","52"
"USW00025333","SITKA AIRPORT, AK US","57.04746","-135.36703","6.0","2021-06-19","0.00",,"68","49"
"USW00025333","SITKA AIRPORT, AK US","57.04746","-135.36703","6.0","2021-06-20","0.72",,"59","52"
"USW00025333","SITKA AIRPORT, AK US","57.04746","-135.36703","6.0","2021-06-21","0.08",,"55","50"
"USW00025333","SITKA AIRPORT, AK US","57.04746","-135.36703","6.0","2021-06-22","0.02",,"56","49"
"USW00025333","SITKA AIRPORT, AK US","57.04746","-135.36703","6.0","2021-06-23","0.95",,"63","52"
"USW00025333","SITKA AIRPORT, AK US","57.04746","-135.36703","6.0","2021-06-24","1.51",,"63","55"
"USW00025333","SITKA AIRPORT, AK US","57.04746","-135.36703","6.0","2021-06-25","0.06",,"59","55"
"USW00025333","SITKA AIRPORT, AK US","57.04746","-135.36703","6.0","2021-06-26","0.00",,"63","54"
"USW00025333","SITKA AIRPORT, AK US","57.04746","-135.36703","6.0","2021-06-27","0.00",,"78","54"
"USW00025333","SITKA AIRPORT, AK US","57.04746","-135.36703","6.0","2021-06-28","0.00",,"75","57"
"USW00025333","SITKA AIRPORT, AK US","57.04746","-135.36703","6.0","2021-06-29","0.00",,"61","54"
"USW00025333","SITKA AIRPORT, AK US","57.04746","-135.36703","6.0","2021-06-30","0.00",,"62","53"
"USW00025333","SITKA AIRPORT, AK US","57.04746","-135.36703","6.0","2021-07-01","0.01",,"61","53"
"USW00025333","SITKA AIRPORT, AK US","57.04746","-135.36703","6.0","2021-07-02","0.00",,"60","52"
"USW00025333","SITKA AIRPORT, AK US","57.04746","-135.36703","6.0","2021-07-03","0.00",,"66","54"
"USW00025333","SITKA AIRPORT, AK US","57.04746","-135.36703","6.0","2021-07-04","0.00",,"60","55"
"USW00025333","SITKA AIRPORT, AK US","57.04746","-135.36703","6.0","2021-07-05","0.00",,"65","55"
"USW00025333","SITKA AIRPORT, AK US","57.04746","-135.36703","6.0","2021-07-06","0.00",,"59","54"
"USW00025333","SITKA AIRPORT, AK US","57.04746","-135.36703","6.0","2021-07-07","0.00",,"58","53"
"USW00025333","SITKA AIRPORT, AK US","57.04746","-135.36703","6.0","2021-07-08","0.07",,"58","53"
"USW00025333","SITKA AIRPORT, AK US","57.04746","-135.36703","6.0","2021-07-09","0.10",,"57","53"
"USW00025333","SITKA AIRPORT, AK US","57.04746","-135.36703","6.0","2021-07-10","0.00",,"60","51"
"USW00025333","SITKA AIRPORT, AK US","57.04746","-135.36703","6.0","2021-07-11","0.01",,"60","51"
"USW00025333","SITKA AIRPORT, AK US","57.04746","-135.36703","6.0","2021-07-12","0.29",,"60","54"
"USW00025333","SITKA AIRPORT, AK US","57.04746","-135.36703","6.0","2021-07-13","0.13",,"57","52"
"USW00025333","SITKA AIRPORT, AK US","57.04746","-135.36703","6.0","2021-07-14","0.21",,"58","51"
"USW00025333","SITKA AIRPORT, AK US","57.04746","-135.36703","6.0","2021-07-15","0.10",,"60","50"
"USW00025333","SITKA AIRPORT, AK US","57.04746","-135.36703","6.0","2021-07-16","0.03",,"61","54"
"USW00025333","SITKA AIRPORT, AK US","57.04746","-135.36703","6.0","2021-07-17","0.05",,"63","56"
"USW00025333","SITKA AIRPORT, AK US","57.04746","-135.36703","6.0","2021-07-18","0.04",,"63","57"
"USW00025333","SITKA AIRPORT, AK US","57.04746","-135.36703","6.0","2021-07-19","0.00",,"70","55"
"USW00025333","SITKA AIRPORT, AK US","57.04746","-135.36703","6.0","2021-07-20","0.00",,"64","56"
"USW00025333","SITKA AIRPORT, AK US","57.04746","-135.36703","6.0","2021-07-21","0.01",,"59","54"
"USW00025333","SITKA AIRPORT, AK US","57.04746","-135.36703","6.0","2021-07-22","0.03",,"63","55"
"USW00025333","SITKA AIRPORT, AK US","57.04746","-135.36703","6.0","2021-07-23","0.31",,"61","56"
"USW00025333","SITKA AIRPORT, AK US","57.04746","-135.36703","6.0","2021-07-24","0.17",,"58","54"
"USW00025333","SITKA AIRPORT, AK US","57.04746","-135.36703","6.0","2021-07-25","0.08",,"59","52"
"USW00025333","SITKA AIRPORT, AK US","57.04746","-135.36703","6.0","2021-07-26","0.00",,"64","49"
"USW00025333","SITKA AIRPORT, AK US","57.04746","-135.36703","6.0","2021-07-27","0.03",,"62","57"
"USW00025333","SITKA AIRPORT, AK US","57.04746","-135.36703","6.0","2021-07-28","0.00",,"70","52"
"USW00025333","SITKA AIRPORT, AK US","57.04746","-135.36703","6.0","2021-07-29","0.00",,"70","52"
"USW00025333","SITKA AIRPORT, AK US","57.04746","-135.36703","6.0","2021-07-30","0.00",,"73","60"
"USW00025333","SITKA AIRPORT, AK US","57.04746","-135.36703","6.0","2021-07-31","0.00",,"66","48"
"USW00025333","SITKA AIRPORT, AK US","57.04746","-135.36703","6.0","2021-08-01","0.01",,"66","59"
"USW00025333","SITKA AIRPORT, AK US","57.04746","-135.36703","6.0","2021-08-02","0.05",,"62","55"
"USW00025333","SITKA AIRPORT, AK US","57.04746","-135.36703","6.0","2021-08-03","0.15",,"67","55"
"USW00025333","SITKA AIRPORT, AK US","57.04746","-135.36703","6.0","2021-08-04","0.40",,"65","60"
"USW00025333","SITKA AIRPORT, AK US","57.04746","-135.36703","6.0","2021-08-05","0.00",,"69","55"
"USW00025333","SITKA AIRPORT, AK US","57.04746","-135.36703","6.0","2021-08-06","0.04",,"63","55"
"USW00025333","SITKA AIRPORT, AK US","57.04746","-135.36703","6.0","2021-08-07","0.12",,"65","58"
"USW00025333","SITKA AIRPORT, AK US","57.04746","-135.36703","6.0","2021-08-08","0.76",,"63","57"
"USW00025333","SITKA AIRPORT, AK US","57.04746","-135.36703","6.0","2021-08-09","0.42",,"60","54"
"USW00025333","SITKA AIRPORT, AK US","57.04746","-135.36703","6.0","2021-08-10","0.20",,"60","55"
"USW00025333","SITKA AIRPORT, AK US","57.04746","-135.36703","6.0","2021-08-11","0.10",,"61","55"
"USW00025333","SITKA AIRPORT, AK US","57.04746","-135.36703","6.0","2021-08-12","0.20",,"65","59"
"USW00025333","SITKA AIRPORT, AK US","57.04746","-135.36703","6.0","2021-08-13","1.68",,"64","57"
"USW00025333","SITKA AIRPORT, AK US","57.04746","-135.36703","6.0","2021-08-14","0.27",,"60","52"
"USW00025333","SITKA AIRPORT, AK US","57.04746","-135.36703","6.0","2021-08-15","0.25",,"58","51"
"USW00025333","SITKA AIRPORT, AK US","57.04746","-135.36703","6.0","2021-08-16","0.00",,"64","53"
"USW00025333","SITKA AIRPORT, AK US","57.04746","-135.36703","6.0","2021-08-17","1.22",,"58","53"
"USW00025333","SITKA AIRPORT, AK US","57.04746","-135.36703","6.0","2021-08-18","0.42",,"59","56"
"USW00025333","SITKA AIRPORT, AK US","57.04746","-135.36703","6.0","2021-08-19","0.00",,"63","55"
"USW00025333","SITKA AIRPORT, AK US","57.04746","-135.36703","6.0","2021-08-20","0.01",,"61","55"
"USW00025333","SITKA AIRPORT, AK US","57.04746","-135.36703","6.0","2021-08-21","0.09",,"63","52"
"USW00025333","SITKA AIRPORT, AK US","57.04746","-135.36703","6.0","2021-08-22","0.00",,"68","49"
"USW00025333","SITKA AIRPORT, AK US","57.04746","-135.36703","6.0","2021-08-23","0.00",,"61","50"
"USW00025333","SITKA AIRPORT, AK US","57.04746","-135.36703","6.0","2021-08-24","0.75",,"59","56"
"USW00025333","SITKA AIRPORT, AK US","57.04746","-135.36703","6.0","2021-08-25","0.00",,"60","55"
"USW00025333","SITKA AIRPORT, AK US","57.04746","-135.36703","6.0","2021-08-26","0.05",,"63","55"
"USW00025333","SITKA AIRPORT, AK US","57.04746","-135.36703","6.0","2021-08-27","0.47",,"60","56"
"USW00025333","SITKA AIRPORT, AK US","57.04746","-135.36703","6.0","2021-08-28","1.64",,"60","51"
"USW00025333","SITKA AIRPORT, AK US","57.04746","-135.36703","6.0","2021-08-29","0.00",,"60","50"
"USW00025333","SITKA AIRPORT, AK US","57.04746","-135.36703","6.0","2021-08-30","0.00",,"65","52"
"USW00025333","SITKA AIRPORT, AK US","57.04746","-135.36703","6.0","2021-08-31","0.00",,"64","56"
"USW00025333","SITKA AIRPORT, AK US","57.04746","-135.36703","6.0","2021-09-01","0.18",,"61","56"
"USW00025333","SITKA AIRPORT, AK US","57.04746","-135.36703","6.0","2021-09-02","0.44",,"63","56"
"USW00025333","SITKA AIRPORT, AK US","57.04746","-135.36703","6.0","2021-09-03","0.37",,"60","57"
"USW00025333","SITKA AIRPORT, AK US","57.04746","-135.36703","6.0","2021-09-04","0.12",,"60","55"
"USW00025333","SITKA AIRPORT, AK US","57.04746","-135.36703","6.0","2021-09-05","0.58",,"59","56"
"USW00025333","SITKA AIRPORT, AK US","57.04746","-135.36703","6.0","2021-09-06","0.31",,"61","54"
"USW00025333","SITKA AIRPORT, AK US","57.04746","-135.36703","6.0","2021-09-07","0.49",,"64","54"
"USW00025333","SITKA AIRPORT, AK US","57.04746","-135.36703","6.0","2021-09-08","0.19",,"60","54"
"USW00025333","SITKA AIRPORT, AK US","57.04746","-135.36703","6.0","2021-09-09","0.11",,"61","54"
"USW00025333","SITKA AIRPORT, AK US","57.04746","-135.36703","6.0","2021-09-10","0.61",,"62","56"
"USW00025333","SITKA AIRPORT, AK US","57.04746","-135.36703","6.0","2021-09-11","1.62",,"58","55"
"USW00025333","SITKA AIRPORT, AK US","57.04746","-135.36703","6.0","2021-09-12","0.06",,"58","54"
"USW00025333","SITKA AIRPORT, AK US","57.04746","-135.36703","6.0","2021-09-13","0.29",,"58","51"
"USW00025333","SITKA AIRPORT, AK US","57.04746","-135.36703","6.0","2021-09-14","0.44",,"55","48"
"USW00025333","SITKA AIRPORT, AK US","57.04746","-135.36703","6.0","2021-09-15","0.24",,"55","48"
"USW00025333","SITKA AIRPORT, AK US","57.04746","-135.36703","6.0","2021-09-16","0.11",,"55","50"
"USW00025333","SITKA AIRPORT, AK US","57.04746","-135.36703","6.0","2021-09-17","0.07",,"56","48"
"USW00025333","SITKA AIRPORT, AK US","57.04746","-135.36703","6.0","2021-09-18","0.31",,"55","49"
"USW00025333","SITKA AIRPORT, AK US","57.04746","-135.36703","6.0","2021-09-19","0.00",,"57","48"
"USW00025333","SITKA AIRPORT, AK US","57.04746","-135.36703","6.0","2021-09-20","0.43",,"58","51"
"USW00025333","SITKA AIRPORT, AK US","57.04746","-135.36703","6.0","2021-09-21","0.73",,"57","47"
"USW00025333","SITKA AIRPORT, AK US","57.04746","-135.36703","6.0","2021-09-22","0.04",,"54","46"
"USW00025333","SITKA AIRPORT, AK US","57.04746","-135.36703","6.0","2021-09-23","0.46",,"60","52"
"USW00025333","SITKA AIRPORT, AK US","57.04746","-135.36703","6.0","2021-09-24","0.29",,"57","47"
"USW00025333","SITKA AIRPORT, AK US","57.04746","-135.36703","6.0","2021-09-25","0.11",,"53","45"
"USW00025333","SITKA AIRPORT, AK US","57.04746","-135.36703","6.0","2021-09-26","0.07",,"58","43"
"USW00025333","SITKA AIRPORT, AK US","57.04746","-135.36703","6.0","2021-09-27","0.40",,"51","46"
"USW00025333","SITKA AIRPORT, AK US","57.04746","-135.36703","6.0","2021-09-28","0.03",,"55","44"
"USW00025333","SITKA AIRPORT, AK US","57.04746","-135.36703","6.0","2021-09-29","0.09",,"55","49"
"USW00025333","SITKA AIRPORT, AK US","57.04746","-135.36703","6.0","2021-09-30","0.50",,"53","47"
"USW00025333","SITKA AIRPORT, AK US","57.04746","-135.36703","6.0","2021-10-01","2.71",,"53","47"
"USW00025333","SITKA AIRPORT, AK US","57.04746","-135.36703","6.0","2021-10-02","0.49",,"52","40"
"USW00025333","SITKA AIRPORT, AK US","57.04746","-135.36703","6.0","2021-10-03","0.37",,"48","37"
"USW00025333","SITKA AIRPORT, AK US","57.04746","-135.36703","6.0","2021-10-04","0.00",,"51","35"
"USW00025333","SITKA AIRPORT, AK US","57.04746","-135.36703","6.0","2021-10-05","0.00",,"52","34"
"USW00025333","SITKA AIRPORT, AK US","57.04746","-135.36703","6.0","2021-10-06","0.01",,"51","35"
"USW00025333","SITKA AIRPORT, AK US","57.04746","-135.36703","6.0","2021-10-07","0.27",,"52","46"
"USW00025333","SITKA AIRPORT, AK US","57.04746","-135.36703","6.0","2021-10-08","0.75",,"51","46"
"USW00025333","SITKA AIRPORT, AK US","57.04746","-135.36703","6.0","2021-10-09","0.60",,"51","43"
"USW00025333","SITKA AIRPORT, AK US","57.04746","-135.36703","6.0","2021-10-10","0.08",,"52","43"
"USW00025333","SITKA AIRPORT, AK US","57.04746","-135.36703","6.0","2021-10-11","0.93",,"48","44"
"USW00025333","SITKA AIRPORT, AK US","57.04746","-135.36703","6.0","2021-10-12","0.93",,"51","42"
"USW00025333","SITKA AIRPORT, AK US","57.04746","-135.36703","6.0","2021-10-13","0.85",,"50","45"
"USW00025333","SITKA AIRPORT, AK US","57.04746","-135.36703","6.0","2021-10-14","0.87",,"49","38"
"USW00025333","SITKA AIRPORT, AK US","57.04746","-135.36703","6.0","2021-10-15","0.19",,"49","38"
"USW00025333","SITKA AIRPORT, AK US","57.04746","-135.36703","6.0","2021-10-16","0.00",,"48","35"
"USW00025333","SITKA AIRPORT, AK US","57.04746","-135.36703","6.0","2021-10-17","0.00",,"48","33"
"USW00025333","SITKA AIRPORT, AK US","57.04746","-135.36703","6.0","2021-10-18","0.00",,"52","46"
"USW00025333","SITKA AIRPORT, AK US","57.04746","-135.36703","6.0","2021-10-19","0.00",,"55","50"
"USW00025333","SITKA AIRPORT, AK US","57.04746","-135.36703","6.0","2021-10-20","0.06",,"56","46"
"USW00025333","SITKA AIRPORT, AK US","57.04746","-135.36703","6.0","2021-10-21","0.06",,"56","44"
"USW00025333","SITKA AIRPORT, AK US","57.04746","-135.36703","6.0","2021-10-22","0.51",,"55","46"
"USW00025333","SITKA AIRPORT, AK US","57.04746","-135.36703","6.0","2021-10-23","0.06",,"51","42"
"USW00025333","SITKA AIRPORT, AK US","57.04746","-135.36703","6.0","2021-10-24","0.00",,"51","38"
"USW00025333","SITKA AIRPORT, AK US","57.04746","-135.36703","6.0","2021-10-25","0.00",,"49","36"
"USW00025333","SITKA AIRPORT, AK US","57.04746","-135.36703","6.0","2021-10-26","0.08",,"52","43"
"USW00025333","SITKA AIRPORT, AK US","57.04746","-135.36703","6.0","2021-10-27","1.46",,"47","37"
"USW00025333","SITKA AIRPORT, AK US","57.04746","-135.36703","6.0","2021-10-28","0.23",,"44","37"
"USW00025333","SITKA AIRPORT, AK US","57.04746","-135.36703","6.0","2021-10-29","0.40",,"44","38"
"USW00025333","SITKA AIRPORT, AK US","57.04746","-135.36703","6.0","2021-10-30","0.00",,"49","38"
"USW00025333","SITKA AIRPORT, AK US","57.04746","-135.36703","6.0","2021-10-31","0.00",,"54","36"
"USW00025333","SITKA AIRPORT, AK US","57.04746","-135.36703","6.0","2021-11-01","0.00",,"59","47"
"USW00025333","SITKA AIRPORT, AK US","57.04746","-135.36703","6.0","2021-11-02","0.05",,"55","47"
"USW00025333","SITKA AIRPORT, AK US","57.04746","-135.36703","6.0","2021-11-03","0.27",,"48","36"
"USW00025333","SITKA AIRPORT, AK US","57.04746","-135.36703","6.0","2021-11-04","0.26",,"46","34"
"USW00025333","SITKA AIRPORT, AK US","57.04746","-135.36703","6.0","2021-11-05","0.03",,"50","41"
"USW00025333","SITKA AIRPORT, AK US","57.04746","-135.36703","6.0","2021-11-06","0.36",,"48","32"
"USW00025333","SITKA AIRPORT, AK US","57.04746","-135.36703","6.0","2021-11-07","0.00",,"47","32"
"USW00025333","SITKA AIRPORT, AK US","57.04746","-135.36703","6.0","2021-11-08","0.00",,"46","39"
"USW00025333","SITKA AIRPORT, AK US","57.04746","-135.36703","6.0","2021-11-09","0.29",,"45","38"
"USW00025333","SITKA AIRPORT, AK US","57.04746","-135.36703","6.0","2021-11-10","0.03",,"44","35"
"USW00025333","SITKA AIRPORT, AK US","57.04746","-135.36703","6.0","2021-11-11","0.05",,"47","36"
"USW00025333","SITKA AIRPORT, AK US","57.04746","-135.36703","6.0","2021-11-12","0.91",,"47","37"
"USW00025333","SITKA AIRPORT, AK US","57.04746","-135.36703","6.0","2021-11-13","0.24",,"41","32"
"USW00025333","SITKA AIRPORT, AK US","57.04746","-135.36703","6.0","2021-11-14","0.21",,"42","32"
"USW00025333","SITKA AIRPORT, AK US","57.04746","-135.36703","6.0","2021-11-15","0.08",,"39","30"
"USW00025333","SITKA AIRPORT, AK US","57.04746","-135.36703","6.0","2021-11-16","0.56",,"46","34"
"USW00025333","SITKA AIRPORT, AK US","57.04746","-135.36703","6.0","2021-11-17","0.48",,"45","36"
"USW00025333","SITKA AIRPORT, AK US","57.04746","-135.36703","6.0","2021-11-18","0.18",,"42","31"
"USW00025333","SITKA AIRPORT, AK US","57.04746","-135.36703","6.0","2021-11-19","0.03",,"36","28"
"USW00025333","SITKA AIRPORT, AK US","57.04746","-135.36703","6.0","2021-11-20","0.26",,"46","27"
"USW00025333","SITKA AIRPORT, AK US","57.04746","-135.36703","6.0","2021-11-21","0.76",,"47","38"
"USW00025333","SITKA AIRPORT, AK US","57.04746","-135.36703","6.0","2021-11-22","0.21",,"42","34"
"USW00025333","SITKA AIRPORT, AK US","57.04746","-135.36703","6.0","2021-11-23","0.29",,"40","33"
"USW00025333","SITKA AIRPORT, AK US","57.04746","-135.36703","6.0","2021-11-24","0.29",,"46","40"
"USW00025333","SITKA AIRPORT, AK US","57.04746","-135.36703","6.0","2021-11-25","1.72",,"48","33"
"USW00025333","SITKA AIRPORT, AK US","57.04746","-135.36703","6.0","2021-11-26","0.18",,"39","33"
"USW00025333","SITKA AIRPORT, AK US","57.04746","-135.36703","6.0","2021-11-27","0.29",,"39","34"
"USW00025333","SITKA AIRPORT, AK US","57.04746","-135.36703","6.0","2021-11-28","0.25",,"37","31"
"USW00025333","SITKA AIRPORT, AK US","57.04746","-135.36703","6.0","2021-11-29","0.04",,"40","33"
"USW00025333","SITKA AIRPORT, AK US","57.04746","-135.36703","6.0","2021-11-30","0.70",,"44","36"
"USW00025333","SITKA AIRPORT, AK US","57.04746","-135.36703","6.0","2021-12-01","0.09",,"43","34"
"USW00025333","SITKA AIRPORT, AK US","57.04746","-135.36703","6.0","2021-12-02","0.60",,"38","31"
"USW00025333","SITKA AIRPORT, AK US","57.04746","-135.36703","6.0","2021-12-03","0.06",,"33","23"
"USW00025333","SITKA AIRPORT, AK US","57.04746","-135.36703","6.0","2021-12-04","0.02",,"33","21"
"USW00025333","SITKA AIRPORT, AK US","57.04746","-135.36703","6.0","2021-12-05","0.01",,"37","30"
"USW00025333","SITKA AIRPORT, AK US","57.04746","-135.36703","6.0","2021-12-06","0.00",,"37","27"
"USW00025333","SITKA AIRPORT, AK US","57.04746","-135.36703","6.0","2021-12-07","0.34",,"43","35"
"USW00025333","SITKA AIRPORT, AK US","57.04746","-135.36703","6.0","2021-12-08","0.23",,"40","35"
"USW00025333","SITKA AIRPORT, AK US","57.04746","-135.36703","6.0","2021-12-09","0.50",,"40","35"
"USW00025333","SITKA AIRPORT, AK US","57.04746","-135.36703","6.0","2021-12-10","0.43",,"42","32"
"USW00025333","SITKA AIRPORT, AK US","57.04746","-135.36703","6.0","2021-12-11","0.10",,"36","30"
"USW00025333","SITKA AIRPORT, AK US","57.04746","-135.36703","6.0","2021-12-12","0.01",,"37","32"
"USW00025333","SITKA AIRPORT, AK US","57.04746","-135.36703","6.0","2021-12-13","0.00",,"35","23"
"USW00025333","SITKA AIRPORT, AK US","57.04746","-135.36703","6.0","2021-12-14","0.00",,"32","22"
"USW00025333","SITKA AIRPORT, AK US","57.04746","-135.36703","6.0","2021-12-15","0.05",,"35","23"
"USW00025333","SITKA AIRPORT, AK US","57.04746","-135.36703","6.0","2021-12-16","0.04",,"36","32"
"USW00025333","SITKA AIRPORT, AK US","57.04746","-135.36703","6.0","2021-12-17","0.00",,"39","34"
"USW00025333","SITKA AIRPORT, AK US","57.04746","-135.36703","6.0","2021-12-18","0.00",,"38","26"
"USW00025333","SITKA AIRPORT, AK US","57.04746","-135.36703","6.0","2021-12-19","0.00",,"39","25"
"USW00025333","SITKA AIRPORT, AK US","57.04746","-135.36703","6.0","2021-12-20","0.00",,"37","23"
"USW00025333","SITKA AIRPORT, AK US","57.04746","-135.36703","6.0","2021-12-21","0.89",,"39","33"
"USW00025333","SITKA AIRPORT, AK US","57.04746","-135.36703","6.0","2021-12-22","0.00",,"38","22"
"USW00025333","SITKA AIRPORT, AK US","57.04746","-135.36703","6.0","2021-12-23","0.04",,"32","26"
"USW00025333","SITKA AIRPORT, AK US","57.04746","-135.36703","6.0","2021-12-24","0.00",,"30","22"
"USW00025333","SITKA AIRPORT, AK US","57.04746","-135.36703","6.0","2021-12-25","0.00",,"26","16"
"USW00025333","SITKA AIRPORT, AK US","57.04746","-135.36703","6.0","2021-12-26","0.01",,"31","17"
"USW00025333","SITKA AIRPORT, AK US","57.04746","-135.36703","6.0","2021-12-27","0.01",,"35","29"
"USW00025333","SITKA AIRPORT, AK US","57.04746","-135.36703","6.0","2021-12-28","0.00",,"35","27"
"USW00025333","SITKA AIRPORT, AK US","57.04746","-135.36703","6.0","2021-12-29","0.09",,"41","31"
"USW00025333","SITKA AIRPORT, AK US","57.04746","-135.36703","6.0","2021-12-30","0.00",,"38","26"
"USW00025333","SITKA AIRPORT, AK US","57.04746","-135.36703","6.0","2021-12-31","1.00",,"39","31"
